연월,자치구명,7세미만,65~69세,70~74세,75~79세,80~89세,90세이상,합계,점수
201601,강남구,390,906,876,665,632,138,3607,3
201601,강동구,254,637,626,585,576,109,2787,2
201601,강북구,354,"1,004","1,203",982,869,124,4536,4
201601,강서구,370,"1,384","1,490","1,420","1,486",264,6414,6
201601,관악구,304,891,956,874,820,115,3960,3
201601,광진구,143,443,478,397,439,60,1960,1
201601,구로구,282,528,662,671,556,77,2776,2
201601,금천구,234,633,772,625,626,85,2975,2
201601,노원구,495,"1,667","1,921","1,640","1,657",307,7687,7
201601,도봉구,213,556,668,631,626,96,2790,2
201601,동대문구,202,968,"1,077",903,715,104,3969,3
201601,동작구,238,528,625,568,552,98,2609,2
201601,마포구,256,559,679,540,558,89,2681,2
201601,서대문구,540,464,553,531,503,68,2659,2
201601,서초구,182,275,344,246,291,46,1384,1
201601,성동구,135,492,569,514,465,57,2232,1
201601,성북구,354,862,988,883,788,134,4009,3
201601,송파구,196,571,576,477,500,92,2412,2
201601,양천구,260,633,706,687,629,93,3008,2
201601,영등포구,182,805,748,611,599,109,3054,2
201601,용산구,153,531,534,496,384,68,2166,1
201601,은평구,442,"1,283","1,303","1,091","1,013",136,5268,5
201601,종로구,40,359,424,303,302,78,1506,1
201601,중구,75,368,379,327,342,35,1526,1
201601,중랑구,347,"1,015","1,044",864,982,180,4432,4
201602,강남구,378,908,884,668,645,137,3620,3
201602,강동구,256,632,626,593,577,109,2793,2
201602,강북구,362,"1,021","1,203",978,880,125,4569,4
201602,강서구,360,"1,387","1,500","1,429","1,493",264,6433,6
201602,관악구,317,913,942,887,832,120,4011,3
201602,광진구,142,453,475,408,441,59,1978,1
201602,구로구,279,546,662,671,578,77,2813,2
201602,금천구,240,639,777,630,627,80,2993,2
201602,노원구,491,"1,668","1,899","1,660","1,674",310,7702,7
201602,도봉구,221,564,673,654,632,95,2839,2
201602,동대문구,203,976,"1,075",911,725,103,3993,3
201602,동작구,245,526,633,577,552,102,2635,2
201602,마포구,238,563,677,536,567,92,2673,2
201602,서대문구,563,467,556,533,518,69,2706,2
201602,서초구,184,274,346,254,291,48,1397,1
201602,성동구,134,497,568,511,475,57,2242,1
201602,성북구,352,875,987,891,794,131,4030,3
201602,송파구,194,572,569,486,507,92,2420,2
201602,양천구,260,633,715,688,628,96,3020,2
201602,영등포구,185,809,739,616,599,109,3057,2
201602,용산구,151,529,533,501,390,69,2173,1
201602,은평구,440,"1,292","1,298","1,099","1,052",137,5318,5
201602,종로구,35,356,418,302,304,81,1496,1
201602,중구,77,366,378,329,345,35,1530,1
201602,중랑구,345,"1,027","1,040",880,989,185,4466,4
201603,강남구,407,915,884,679,654,131,3670,3
201603,강동구,262,645,625,604,595,110,2841,2
201603,강북구,358,"1,014","1,206",996,894,127,4595,4
201603,강서구,368,"1,389","1,491","1,443","1,499",267,6457,6
201603,관악구,317,911,944,900,826,128,4026,3
201603,광진구,143,446,475,411,447,62,1984,1
201603,구로구,282,555,661,673,583,77,2831,2
201603,금천구,252,642,775,628,633,82,3012,2
201603,노원구,496,"1,671","1,886","1,667","1,688",306,7714,7
201603,도봉구,229,573,674,654,639,100,2869,2
201603,동대문구,203,973,"1,076",902,734,103,3991,3
201603,동작구,243,531,639,571,563,105,2652,2
201603,마포구,240,564,682,538,574,93,2691,2
201603,서대문구,504,476,555,538,530,67,2670,2
201603,서초구,181,275,340,261,296,47,1400,1
201603,성동구,137,505,571,513,476,61,2263,1
201603,성북구,363,882,976,895,809,129,4054,3
201603,송파구,206,586,576,490,510,93,2461,2
201603,양천구,272,629,716,687,640,94,3038,2
201603,영등포구,185,801,742,621,597,108,3054,2
201603,용산구,149,535,533,492,392,68,2169,1
201603,은평구,446,"1,288","1,274","1,093","1,064",141,5306,5
201603,종로구,32,356,416,303,300,81,1488,1
201603,중구,80,381,375,334,351,35,1556,1
201603,중랑구,350,"1,036","1,038",891,999,187,4501,4
201604,강남구,403,923,874,691,664,127,3682,3
201604,강동구,286,650,623,607,597,117,2880,2
201604,강북구,382,"1,028","1,196",994,911,123,4634,4
201604,강서구,370,"1,394","1,489","1,445","1,509",273,6480,6
201604,관악구,322,906,953,906,831,132,4050,3
201604,광진구,160,441,476,411,447,62,1997,1
201604,구로구,301,553,657,677,589,81,2858,2
201604,금천구,269,640,774,633,644,85,3045,2
201604,노원구,515,"1,646","1,876","1,670","1,697",310,7714,7
201604,도봉구,245,581,683,658,639,100,2906,2
201604,동대문구,218,978,"1,069",906,735,97,4003,3
201604,동작구,257,537,638,571,570,103,2676,2
201604,마포구,250,562,676,540,578,92,2698,2
201604,서대문구,526,474,555,547,527,70,2699,2
201604,서초구,190,280,341,259,296,49,1415,1
201604,성동구,147,498,569,517,469,62,2262,1
201604,성북구,388,886,965,893,819,129,4080,3
201604,송파구,235,594,586,490,506,94,2505,2
201604,양천구,277,631,715,674,648,88,3033,2
201604,영등포구,195,796,747,612,594,107,3051,2
201604,용산구,154,536,529,502,391,69,2181,1
201604,은평구,478,"1,291","1,277","1,091","1,068",148,5353,5
201604,종로구,38,356,420,309,296,83,1502,1
201604,중구,87,390,368,339,342,35,1561,1
201604,중랑구,398,"1,037","1,037",898,"1,003",188,4561,4
201605,강남구,409,925,881,696,669,125,3705,3
201605,강동구,298,654,623,599,591,115,2880,2
201605,강북구,390,"1,023","1,197","1,004",915,127,4656,4
201605,강서구,407,"1,398","1,482","1,451","1,523",267,6528,6
201605,관악구,330,892,948,896,824,131,4021,3
201605,광진구,171,441,473,412,446,62,2005,1
201605,구로구,311,567,651,681,586,84,2880,2
201605,금천구,273,640,765,638,639,82,3037,2
201605,노원구,530,"1,657","1,844","1,681","1,701",316,7729,7
201605,도봉구,274,578,688,655,648,105,2948,2
201605,동대문구,229,962,"1,072",913,746,97,4019,3
201605,동작구,265,535,637,572,571,106,2686,2
201605,마포구,260,566,671,542,583,93,2715,2
201605,서대문구,543,470,558,540,521,70,2702,2
201605,서초구,198,281,333,261,294,48,1415,1
201605,성동구,159,502,562,522,468,66,2279,1
201605,성북구,397,877,962,897,830,129,4092,3
201605,송파구,234,585,594,488,504,94,2499,2
201605,양천구,288,634,719,675,646,92,3054,2
201605,영등포구,214,807,743,602,596,104,3066,2
201605,용산구,165,530,530,503,395,67,2190,1
201605,은평구,487,"1,261","1,295","1,091","1,077",151,5362,5
201605,종로구,44,362,418,309,291,83,1507,1
201605,중구,89,387,365,343,336,38,1558,1
201605,중랑구,393,"1,044","1,038",908,"1,008",190,4581,4
201606,강남구,406,907,877,691,663,125,3669,3
201606,강동구,307,664,638,599,586,109,2903,2
201606,강북구,393,"1,024","1,190","1,016",929,134,4686,4
201606,강서구,397,"1,407","1,475","1,474","1,527",269,6549,6
201606,관악구,331,887,954,893,829,133,4027,3
201606,광진구,169,442,479,410,449,60,2009,1
201606,구로구,314,570,660,675,602,83,2904,2
201606,금천구,273,650,766,638,640,83,3050,2
201606,노원구,528,"1,659","1,841","1,692","1,700",314,7734,7
201606,도봉구,273,587,689,666,652,105,2972,2
201606,동대문구,227,957,"1,072",915,752,94,4017,3
201606,동작구,274,536,642,578,575,109,2714,2
201606,마포구,264,568,667,546,578,91,2714,2
201606,서대문구,545,489,550,541,526,69,2720,2
201606,서초구,190,288,332,257,299,53,1419,1
201606,성동구,155,502,560,532,467,66,2282,1
201606,성북구,388,879,969,904,826,130,4096,3
201606,송파구,231,593,603,489,510,92,2518,2
201606,양천구,285,642,719,682,647,93,3068,2
201606,영등포구,209,801,728,599,600,101,3038,2
201606,용산구,163,524,531,494,405,66,2183,1
201606,은평구,477,"1,256","1,290","1,093","1,088",154,5358,5
201606,종로구,42,365,415,312,292,84,1510,1
201606,중구,91,380,369,345,336,41,1562,1
201606,중랑구,379,"1,039","1,044",923,"1,014",191,4590,4
201607,강남구,405,895,881,699,664,127,3671,3
201607,강동구,299,667,641,602,589,109,2907,2
201607,강북구,380,"1,029","1,185","1,023",948,134,4699,4
201607,강서구,388,"1,388","1,480","1,492","1,536",270,6554,6
201607,관악구,324,894,955,902,826,132,4033,3
201607,광진구,160,446,480,414,451,63,2014,1
201607,구로구,310,563,666,674,601,86,2900,2
201607,금천구,276,655,763,639,646,89,3068,2
201607,노원구,542,"1,657","1,833","1,709","1,710",315,7766,7
201607,도봉구,262,586,689,669,664,102,2972,2
201607,동대문구,217,954,"1,067",912,757,98,4005,3
201607,동작구,267,534,649,584,578,107,2719,2
201607,마포구,263,570,662,548,580,88,2711,2
201607,서대문구,552,487,550,545,529,69,2732,2
201607,서초구,185,287,337,253,302,53,1417,1
201607,성동구,154,504,559,540,461,70,2288,1
201607,성북구,382,880,965,915,822,132,4096,3
201607,송파구,223,597,610,489,511,93,2523,2
201607,양천구,273,647,713,684,652,92,3061,2
201607,영등포구,204,801,718,605,594,98,3020,2
201607,용산구,160,518,529,497,408,68,2180,1
201607,은평구,463,"1,260","1,296","1,102","1,097",159,5377,5
201607,종로구,40,358,418,316,296,81,1509,1
201607,중구,88,377,373,345,337,42,1562,1
201607,중랑구,371,"1,031","1,050",931,"1,013",195,4591,4
201608,강남구,412,893,893,697,664,125,3684,3
201608,강동구,288,663,649,612,587,108,2907,2
201608,강북구,372,"1,023","1,188","1,024",951,138,4696,4
201608,강서구,408,"1,384","1,476","1,500","1,551",268,6587,6
201608,관악구,322,897,956,913,835,131,4054,3
201608,광진구,162,442,483,417,447,64,2015,1
201608,구로구,294,567,663,679,597,87,2887,2
201608,금천구,268,659,767,645,646,88,3073,2
201608,노원구,527,"1,667","1,833","1,725","1,709",312,7773,7
201608,도봉구,264,591,672,678,668,108,2981,2
201608,동대문구,211,946,"1,063",909,759,94,3982,3
201608,동작구,256,544,646,592,577,105,2720,2
201608,마포구,262,570,659,551,583,85,2710,2
201608,서대문구,527,492,547,549,529,70,2714,2
201608,서초구,182,290,337,255,302,53,1419,1
201608,성동구,150,503,557,550,460,67,2287,1
201608,성북구,372,864,975,914,826,128,4079,3
201608,송파구,220,601,600,488,516,93,2518,2
201608,양천구,270,648,712,690,660,93,3073,2
201608,영등포구,204,807,715,605,595,98,3024,2
201608,용산구,153,508,530,500,407,69,2167,1
201608,은평구,441,"1,256","1,295","1,115","1,115",156,5378,5
201608,종로구,40,358,423,320,299,83,1523,1
201608,중구,83,381,379,343,340,40,1566,1
201608,중랑구,358,"1,041","1,052",939,"1,016",191,4597,4
201609,강남구,400,891,905,696,667,129,3688,3
201609,강동구,286,655,645,615,589,110,2900,2
201609,강북구,362,"1,020","1,189","1,029",956,140,4696,4
201609,강서구,398,"1,376","1,484","1,504","1,557",267,6586,6
201609,관악구,324,902,958,918,840,132,4074,3
201609,광진구,159,442,493,419,448,66,2027,1
201609,구로구,293,572,666,687,604,91,2913,2
201609,금천구,264,661,764,653,646,89,3077,2
201609,노원구,523,"1,671","1,831","1,737","1,711",317,7790,7
201609,도봉구,262,591,675,685,661,111,2985,2
201609,동대문구,203,948,"1,066",902,771,92,3982,3
201609,동작구,257,549,659,594,585,103,2747,2
201609,마포구,261,563,658,544,587,84,2697,2
201609,서대문구,519,485,553,554,536,71,2718,2
201609,서초구,184,291,341,260,304,52,1432,1
201609,성동구,150,495,562,538,470,68,2283,1
201609,성북구,371,872,972,924,821,125,4085,3
201609,송파구,219,601,602,504,522,92,2540,2
201609,양천구,260,660,714,692,663,92,3081,2
201609,영등포구,203,808,710,616,595,93,3025,2
201609,용산구,154,518,526,505,408,71,2182,1
201609,은평구,426,"1,253","1,299","1,128","1,113",159,5378,5
201609,종로구,39,361,425,317,300,81,1523,1
201609,중구,81,381,378,337,344,38,1559,1
201609,중랑구,353,"1,042","1,054",946,"1,029",196,4620,4
201610,강남구,413,893,909,708,669,130,3722,3
201610,강동구,274,646,652,610,604,111,2897,2
201610,강북구,356,"1,020","1,196","1,036",966,142,4716,4
201610,강서구,399,"1,378","1,480","1,525","1,552",275,6609,6
201610,관악구,321,914,959,918,855,138,4105,3
201610,광진구,153,451,487,417,449,68,2025,1
201610,구로구,278,561,680,675,612,88,2894,2
201610,금천구,259,662,778,658,650,92,3099,2
201610,노원구,524,"1,663","1,832","1,740","1,719",312,7790,7
201610,도봉구,263,587,680,685,667,114,2996,2
201610,동대문구,204,948,"1,075",908,769,93,3997,3
201610,동작구,248,549,656,599,591,103,2746,2
201610,마포구,258,550,660,546,594,87,2695,2
201610,서대문구,522,476,560,561,537,72,2728,2
201610,서초구,186,286,338,266,300,53,1429,1
201610,성동구,143,489,555,550,468,69,2274,1
201610,성북구,365,862,965,934,826,126,4078,3
201610,송파구,204,606,605,507,522,93,2537,2
201610,양천구,252,655,716,695,663,89,3070,2
201610,영등포구,203,788,704,615,585,96,2991,2
201610,용산구,150,519,523,501,412,71,2176,1
201610,은평구,420,"1,261","1,302","1,127","1,112",162,5384,5
201610,종로구,38,365,425,321,299,79,1527,1
201610,중구,95,390,375,343,344,40,1587,1
201610,중랑구,341,"1,038","1,031",957,"1,035",198,4600,4
201611,강남구,380,902,913,709,674,129,3707,3
201611,강동구,269,638,643,604,600,107,2861,2
201611,강북구,335,"1,008","1,200","1,038",976,139,4696,4
201611,강서구,389,"1,390","1,491","1,534","1,569",272,6645,6
201611,관악구,326,910,958,912,856,141,4103,3
201611,광진구,144,450,481,422,459,66,2022,1
201611,구로구,282,566,682,668,615,88,2901,2
201611,금천구,248,668,764,656,648,87,3071,2
201611,노원구,526,"1,654","1,844","1,742","1,722",316,7804,7
201611,도봉구,258,578,666,688,673,110,2973,2
201611,동대문구,206,961,"1,067",914,772,94,4014,3
201611,동작구,246,555,661,603,591,101,2757,2
201611,마포구,256,544,649,541,591,86,2667,2
201611,서대문구,524,481,565,569,533,73,2745,2
201611,서초구,190,289,341,276,301,54,1451,1
201611,성동구,137,492,553,533,472,71,2258,1
201611,성북구,352,848,948,931,818,124,4021,3
201611,송파구,205,619,613,496,526,94,2553,2
201611,양천구,233,658,706,694,652,92,3035,2
201611,영등포구,202,787,693,606,584,96,2968,2
201611,용산구,148,512,519,495,412,70,2156,1
201611,은평구,413,"1,247","1,280","1,128","1,112",159,5339,5
201611,종로구,43,370,419,327,298,81,1538,1
201611,중구,96,394,372,345,347,40,1594,1
201611,중랑구,325,"1,026","1,034",957,"1,036",199,4577,4
201612,강남구,360,901,897,714,676,131,3679,3
201612,강동구,280,652,636,608,600,112,2888,2
201612,강북구,334,"1,001","1,180","1,034",971,137,4657,4
201612,강서구,387,"1,393","1,509","1,523","1,589",272,6673,6
201612,관악구,312,914,943,918,857,146,4090,3
201612,광진구,136,451,480,409,449,67,1992,1
201612,구로구,277,562,667,663,612,86,2867,2
201612,금천구,241,666,756,658,653,85,3059,2
201612,노원구,509,"1,637","1,825","1,748","1,732",317,7768,7
201612,도봉구,242,570,658,693,668,108,2939,2
201612,동대문구,200,956,"1,054",927,769,95,4001,3
201612,동작구,242,543,656,608,589,102,2740,2
201612,마포구,262,530,646,538,598,86,2660,2
201612,서대문구,533,479,550,564,537,74,2737,2
201612,서초구,190,284,338,269,304,50,1435,1
201612,성동구,136,499,543,532,461,70,2241,1
201612,성북구,343,845,937,926,820,125,3996,3
201612,송파구,192,622,608,495,531,99,2547,2
201612,양천구,224,646,695,690,659,96,3010,2
201612,영등포구,195,772,686,599,586,93,2931,2
201612,용산구,143,508,513,485,412,72,2133,1
201612,은평구,402,"1,230","1,275","1,148","1,105",162,5322,5
201612,종로구,39,367,416,325,303,79,1529,1
201612,중구,94,388,367,345,343,40,1577,1
201612,중랑구,309,"1,016","1,040",946,"1,042",192,4545,4
201701,강남구,363,899,885,718,682,134,3681,3
201701,강동구,273,648,624,617,607,115,2884,2
201701,강북구,331,993,"1,178","1,056",984,138,4680,4
201701,강서구,386,"1,394","1,500","1,544","1,607",277,6708,6
201701,관악구,309,921,935,917,869,150,4101,3
201701,광진구,134,453,474,408,457,68,1994,1
201701,구로구,269,562,670,677,614,94,2886,2
201701,금천구,232,667,751,663,659,88,3060,2
201701,노원구,507,"1,638","1,821","1,763","1,746",313,7788,7
201701,도봉구,236,571,664,696,673,111,2951,2
201701,동대문구,195,957,"1,054",935,774,98,4013,3
201701,동작구,243,536,654,619,593,100,2745,2
201701,마포구,254,532,639,542,595,92,2654,2
201701,서대문구,529,468,544,573,548,76,2738,2
201701,서초구,186,289,339,275,305,50,1444,1
201701,성동구,131,494,550,529,471,70,2245,1
201701,성북구,338,832,936,924,819,128,3977,3
201701,송파구,193,610,612,503,535,101,2554,2
201701,양천구,221,641,688,694,672,96,3012,2
201701,영등포구,198,766,687,610,585,96,2942,2
201701,용산구,138,511,505,481,417,72,2124,1
201701,은평구,405,"1,219","1,276","1,163","1,121",165,5349,5
201701,종로구,33,368,422,327,302,79,1531,1
201701,중구,95,384,367,350,351,41,1588,1
201701,중랑구,312,"1,001","1,045",947,"1,051",198,4554,4
201702,강남구,368,894,901,722,690,136,3711,3
201702,강동구,263,646,629,620,617,113,2888,2
201702,강북구,322,999,"1,169","1,069",993,136,4688,4
201702,강서구,389,"1,400","1,508","1,547","1,610",281,6735,6
201702,관악구,296,909,950,924,872,152,4103,3
201702,광진구,139,458,469,420,456,69,2011,1
201702,구로구,275,562,673,677,619,94,2900,2
201702,금천구,228,667,752,679,663,90,3079,2
201702,노원구,507,"1,648","1,816","1,780","1,756",310,7817,7
201702,도봉구,239,575,658,709,684,114,2979,2
201702,동대문구,194,951,"1,067",935,782,103,4032,3
201702,동작구,233,531,660,622,594,98,2738,2
201702,마포구,241,538,637,546,601,93,2656,2
201702,서대문구,549,473,541,582,547,78,2770,2
201702,서초구,183,293,338,278,309,49,1450,1
201702,성동구,129,493,547,527,475,71,2242,1
201702,성북구,336,833,927,934,820,128,3978,3
201702,송파구,200,606,616,503,535,108,2568,2
201702,양천구,226,637,695,705,678,94,3035,2
201702,영등포구,201,773,680,614,596,94,2958,2
201702,용산구,146,511,507,488,414,74,2140,1
201702,은평구,403,"1,217","1,295","1,161","1,136",168,5380,5
201702,종로구,34,362,433,325,311,77,1542,1
201702,중구,96,379,369,350,354,44,1592,1
201702,중랑구,316,994,"1,046",964,"1,042",208,4570,4
201703,강남구,353,892,907,725,690,140,3707,3
201703,강동구,260,651,636,625,623,112,2907,2
201703,강북구,327,"1,011","1,168","1,085",996,142,4729,4
201703,강서구,391,"1,416","1,524","1,547","1,628",281,6787,6
201703,관악구,298,927,957,927,881,152,4142,3
201703,광진구,138,466,464,428,451,70,2017,1
201703,구로구,274,554,675,687,632,94,2916,2
201703,금천구,234,676,752,690,666,95,3113,2
201703,노원구,516,"1,653","1,809","1,812","1,769",314,7873,7
201703,도봉구,244,589,659,708,693,112,3005,2
201703,동대문구,194,948,"1,065",938,792,105,4042,3
201703,동작구,237,528,657,622,606,104,2754,2
201703,마포구,236,540,627,563,604,91,2661,2
201703,서대문구,545,469,536,590,558,76,2774,2
201703,서초구,182,310,333,280,312,50,1467,1
201703,성동구,129,498,547,533,484,66,2257,1
201703,성북구,350,836,928,943,824,135,4016,3
201703,송파구,204,608,614,505,535,109,2575,2
201703,양천구,234,633,692,698,692,94,3043,2
201703,영등포구,196,761,675,620,590,101,2943,2
201703,용산구,148,500,503,491,420,74,2136,1
201703,은평구,412,"1,221","1,294","1,167","1,150",172,5416,5
201703,종로구,36,370,428,337,308,79,1558,1
201703,중구,94,381,373,342,359,44,1593,1
201703,중랑구,312,999,"1,057",973,"1,043",208,4592,4
201704,강남구,374,901,909,729,694,142,3749,3
201704,강동구,263,645,633,622,633,115,2911,2
201704,강북구,346,"1,003","1,166","1,092","1,000",150,4757,4
201704,강서구,399,"1,431","1,524","1,570","1,640",278,6842,6
201704,관악구,315,927,966,940,885,153,4186,3
201704,광진구,154,474,458,424,453,76,2039,1
201704,구로구,277,544,681,685,637,94,2918,2
201704,금천구,253,673,756,700,664,97,3143,2
201704,노원구,518,"1,656","1,790","1,836","1,772",313,7885,7
201704,도봉구,254,588,663,713,700,117,3035,2
201704,동대문구,198,951,"1,057",946,796,106,4054,3
201704,동작구,244,539,646,627,610,101,2767,2
201704,마포구,226,546,623,565,613,95,2668,2
201704,서대문구,598,470,544,601,556,77,2846,2
201704,서초구,192,310,335,280,310,53,1480,1
201704,성동구,135,497,534,540,489,65,2260,1
201704,성북구,350,841,941,935,830,140,4037,3
201704,송파구,236,614,614,508,533,109,2614,2
201704,양천구,246,649,692,690,702,95,3074,2
201704,영등포구,213,751,677,624,593,101,2959,2
201704,용산구,153,502,501,493,431,73,2153,1
201704,은평구,444,"1,226","1,283","1,186","1,156",175,5470,5
201704,종로구,40,376,424,343,313,81,1577,1
201704,중구,102,380,367,345,363,44,1601,1
201704,중랑구,361,"1,012","1,073",962,"1,044",208,4660,4
201705,강남구,377,913,914,749,695,144,3792,3
201705,강동구,267,649,634,625,633,118,2926,2
201705,강북구,355,"1,028","1,154","1,101","1,020",154,4812,4
201705,강서구,407,"1,453","1,532","1,573","1,645",284,6894,6
201705,관악구,326,940,981,953,883,152,4235,4
201705,광진구,165,475,458,429,451,76,2054,1
201705,구로구,290,557,677,684,641,95,2944,2
201705,금천구,256,676,748,710,665,98,3153,2
201705,노원구,536,"1,692","1,762","1,852","1,772",309,7923,7
201705,도봉구,275,589,667,713,708,117,3069,2
201705,동대문구,191,957,"1,028",954,791,111,4032,3
201705,동작구,257,545,636,632,602,102,2774,2
201705,마포구,229,558,629,566,614,91,2687,2
201705,서대문구,608,479,537,600,565,76,2865,2
201705,서초구,203,306,333,280,309,58,1489,1
201705,성동구,138,497,536,533,486,67,2257,1
201705,성북구,365,837,935,948,823,145,4053,3
201705,송파구,234,613,616,514,535,113,2625,2
201705,양천구,258,662,678,695,695,98,3086,2
201705,영등포구,215,746,672,624,586,100,2943,2
201705,용산구,160,513,495,486,433,75,2162,1
201705,은평구,443,"1,240","1,273","1,182","1,153",168,5459,5
201705,종로구,47,386,423,349,317,81,1603,1
201705,중구,100,381,361,346,363,44,1595,1
201705,중랑구,373,"1,011","1,071",971,"1,050",207,4683,4
201706,강남구,365,906,905,769,699,141,3785,3
201706,강동구,256,666,628,637,629,121,2937,2
201706,강북구,335,"1,013","1,151","1,109","1,042",157,4807,4
201706,강서구,396,"1,467","1,530","1,588","1,639",291,6911,6
201706,관악구,318,920,990,970,906,153,4257,4
201706,광진구,147,482,457,433,448,77,2044,1
201706,구로구,284,564,678,693,640,96,2955,2
201706,금천구,243,687,728,722,673,101,3154,2
201706,노원구,508,"1,710","1,765","1,860","1,773",318,7934,7
201706,도봉구,267,591,670,726,722,121,3097,2
201706,동대문구,186,960,"1,024",965,797,111,4043,3
201706,동작구,260,549,647,639,603,108,2806,2
201706,마포구,223,567,621,570,617,92,2690,2
201706,서대문구,604,488,540,611,571,77,2891,2
201706,서초구,193,316,333,280,306,60,1488,1
201706,성동구,137,494,535,526,484,68,2244,1
201706,성북구,356,831,947,946,829,148,4057,3
201706,송파구,218,616,625,511,545,117,2632,2
201706,양천구,246,664,671,702,702,98,3083,2
201706,영등포구,212,746,671,625,578,100,2932,2
201706,용산구,157,519,501,483,439,75,2174,1
201706,은평구,429,"1,251","1,254","1,191","1,154",171,5450,5
201706,종로구,42,396,416,361,317,80,1612,1
201706,중구,100,379,358,346,364,44,1591,1
201706,중랑구,352,"1,016","1,073",968,"1,077",209,4695,4
201707,강남구,389,917,889,782,706,140,3823,3
201707,강동구,261,679,624,636,632,123,2955,2
201707,강북구,333,"1,012","1,147","1,098","1,054",153,4797,4
201707,강서구,396,"1,470","1,542","1,586","1,651",288,6933,6
201707,관악구,321,919,"1,010",977,913,155,4295,4
201707,광진구,138,480,464,437,445,79,2043,1
201707,구로구,288,573,679,686,643,95,2964,2
201707,금천구,238,688,725,723,669,101,3144,2
201707,노원구,507,"1,721","1,755","1,883","1,763",310,7939,7
201707,도봉구,267,601,678,725,724,126,3121,2
201707,동대문구,184,969,"1,021",977,799,112,4062,3
201707,동작구,254,567,646,642,604,109,2822,2
201707,마포구,237,564,625,578,613,95,2712,2
201707,서대문구,608,488,538,617,573,76,2900,2
201707,서초구,191,321,330,274,312,56,1484,1
201707,성동구,137,490,542,525,488,68,2250,1
201707,성북구,362,834,946,953,831,151,4077,3
201707,송파구,211,620,613,521,546,116,2627,2
201707,양천구,239,668,679,697,705,98,3086,2
201707,영등포구,207,758,669,626,579,97,2936,2
201707,용산구,162,522,502,487,442,77,2192,1
201707,은평구,419,"1,258","1,250","1,197","1,151",174,5449,5
201707,종로구,41,402,411,365,313,81,1613,1
201707,중구,98,381,355,346,363,46,1589,1
201707,중랑구,346,"1,028","1,089",985,"1,084",212,4744,4
201708,강남구,379,928,891,787,705,143,3833,3
201708,강동구,249,688,622,640,635,120,2954,2
201708,강북구,321,"1,030","1,143","1,089","1,051",156,4790,4
201708,강서구,391,"1,489","1,534","1,600","1,649",289,6952,6
201708,관악구,317,919,"1,008",983,920,159,4306,4
201708,광진구,140,474,465,437,445,75,2036,1
201708,구로구,281,583,683,685,642,93,2967,2
201708,금천구,242,684,737,723,675,101,3162,2
201708,노원구,503,"1,734","1,740","1,900","1,769",305,7951,7
201708,도봉구,260,603,678,730,731,129,3131,2
201708,동대문구,183,970,"1,015",991,799,114,4072,3
201708,동작구,258,574,642,643,607,107,2831,2
201708,마포구,230,568,626,581,602,97,2704,2
201708,서대문구,597,495,544,621,572,75,2904,2
201708,서초구,183,326,330,282,309,56,1486,1
201708,성동구,132,499,546,530,491,69,2267,1
201708,성북구,348,836,943,961,845,148,4081,3
201708,송파구,208,637,607,533,556,115,2656,2
201708,양천구,235,670,685,697,708,99,3094,2
201708,영등포구,213,769,658,627,585,97,2949,2
201708,용산구,162,526,506,490,440,82,2206,1
201708,은평구,417,"1,273","1,247","1,207","1,142",168,5454,5
201708,종로구,38,408,409,362,315,80,1612,1
201708,중구,98,388,356,347,357,47,1593,1
201708,중랑구,340,"1,048","1,092",992,"1,085",211,4768,4
201709,강남구,372,931,901,778,708,146,3836,3
201709,강동구,245,696,623,653,633,120,2970,2
201709,강북구,303,"1,042","1,139","1,098","1,048",160,4790,4
201709,강서구,387,"1,491","1,541","1,609","1,655",289,6972,6
201709,관악구,319,924,"1,012",982,930,166,4333,4
201709,광진구,132,485,467,446,444,74,2048,1
201709,구로구,274,583,687,689,641,97,2971,2
201709,금천구,234,683,737,740,679,103,3176,2
201709,노원구,495,"1,737","1,740","1,916","1,781",308,7977,8
201709,도봉구,253,611,676,734,738,126,3138,2
201709,동대문구,178,978,"1,004",990,803,114,4067,3
201709,동작구,253,582,646,659,609,108,2857,2
201709,마포구,233,583,623,588,603,99,2729,2
201709,서대문구,590,503,550,624,575,79,2921,2
201709,서초구,182,327,331,289,310,54,1493,1
201709,성동구,128,511,545,526,495,69,2274,1
201709,성북구,346,834,961,967,848,149,4105,3
201709,송파구,209,635,611,537,552,118,2662,2
201709,양천구,225,683,692,696,712,102,3110,2
201709,영등포구,210,765,666,635,581,98,2955,2
201709,용산구,158,520,509,491,445,84,2207,1
201709,은평구,406,"1,286","1,241","1,224","1,157",168,5482,5
201709,종로구,37,421,411,367,315,82,1633,1
201709,중구,98,395,363,346,362,46,1610,1
201709,중랑구,329,"1,060","1,092",999,"1,097",212,4789,4
201710,강남구,351,930,897,790,706,150,3824,3
201710,강동구,238,698,622,668,626,125,2977,2
201710,강북구,298,"1,027","1,135","1,113","1,044",165,4782,4
201710,강서구,387,"1,513","1,534","1,615","1,658",287,6994,6
201710,관악구,315,917,"1,022",992,940,166,4352,4
201710,광진구,127,488,469,450,448,76,2058,1
201710,구로구,270,580,684,690,645,99,2968,2
201710,금천구,230,691,730,753,682,101,3187,2
201710,노원구,491,"1,739","1,744","1,933","1,786",313,8006,8
201710,도봉구,248,608,674,741,744,127,3142,2
201710,동대문구,169,973,996,"1,006",811,117,4072,3
201710,동작구,255,588,650,667,612,105,2877,2
201710,마포구,223,587,618,596,603,99,2726,2
201710,서대문구,583,509,541,632,576,79,2920,2
201710,서초구,179,326,334,292,310,55,1496,1
201710,성동구,119,514,536,535,497,67,2268,1
201710,성북구,343,830,949,978,854,152,4106,3
201710,송파구,206,637,619,538,556,121,2677,2
201710,양천구,224,704,680,705,722,104,3139,2
201710,영등포구,208,770,658,654,579,94,2963,2
201710,용산구,156,518,506,501,454,84,2219,1
201710,은평구,402,"1,279","1,248","1,219","1,166",168,5482,5
201710,종로구,35,430,398,377,317,81,1638,1
201710,중구,100,402,358,358,354,47,1619,1
201710,중랑구,325,"1,079","1,084","1,019","1,089",209,4805,4
201711,강남구,346,931,891,796,703,146,3813,3
201711,강동구,230,696,616,669,634,127,2972,2
201711,강북구,291,"1,023","1,136","1,132","1,052",162,4796,4
201711,강서구,373,"1,534","1,532","1,629","1,652",294,7014,6
201711,관악구,318,918,"1,034",996,941,166,4373,4
201711,광진구,124,491,481,453,444,76,2069,1
201711,구로구,279,582,681,705,650,99,2996,2
201711,금천구,226,693,717,766,682,102,3186,2
201711,노원구,486,"1,742","1,744","1,945","1,795",312,8024,8
201711,도봉구,248,609,689,751,743,129,3169,2
201711,동대문구,167,988,"1,002",996,823,116,4092,3
201711,동작구,245,585,644,678,614,107,2873,2
201711,마포구,216,578,617,596,604,101,2712,2
201711,서대문구,592,513,541,629,582,82,2939,2
201711,서초구,169,327,332,292,314,59,1493,1
201711,성동구,118,526,534,543,498,68,2287,1
201711,성북구,333,836,939,977,858,154,4097,3
201711,송파구,193,641,620,541,564,125,2684,2
201711,양천구,212,705,688,712,725,104,3146,2
201711,영등포구,203,762,653,661,578,96,2953,2
201711,용산구,152,519,512,493,461,78,2215,1
201711,은평구,401,"1,284","1,261","1,221","1,182",167,5516,5
201711,종로구,31,425,398,380,318,83,1635,1
201711,중구,103,407,349,363,355,50,1627,1
201711,중랑구,316,"1,085","1,065","1,028","1,098",208,4800,4
201712,강남구,330,926,888,781,701,143,3769,3
201712,강동구,228,679,606,668,627,130,2938,2
201712,강북구,285,"1,022","1,129","1,135","1,054",161,4786,4
201712,강서구,375,"1,535","1,521","1,632","1,630",296,6989,6
201712,관악구,313,903,"1,024",995,940,162,4337,4
201712,광진구,125,489,474,447,452,73,2060,1
201712,구로구,267,594,673,701,658,95,2988,2
201712,금천구,223,686,720,751,683,105,3168,2
201712,노원구,485,"1,748","1,737","1,934","1,796",314,8014,8
201712,도봉구,241,615,678,750,735,128,3147,2
201712,동대문구,162,983,992,990,819,112,4058,3
201712,동작구,242,578,631,684,621,105,2861,2
201712,마포구,213,562,603,597,599,100,2674,2
201712,서대문구,598,502,537,636,575,82,2930,2
201712,서초구,158,330,335,297,311,60,1491,1
201712,성동구,115,528,531,539,506,71,2290,1
201712,성북구,313,836,937,972,862,156,4076,3
201712,송파구,189,646,607,541,568,120,2671,2
201712,양천구,213,697,687,714,716,104,3131,2
201712,영등포구,194,759,642,654,577,92,2918,2
201712,용산구,151,524,511,492,461,78,2217,1
201712,은평구,400,"1,262","1,259","1,210","1,192",173,5496,5
201712,종로구,29,418,396,382,315,84,1624,1
201712,중구,104,405,353,364,342,54,1622,1
201712,중랑구,308,"1,087","1,051","1,015","1,086",212,4759,4
201801,강남구,333,931,892,779,709,144,3788,3
201801,강동구,226,689,613,675,634,131,2968,2
201801,강북구,290,"1,029","1,135","1,149","1,041",164,4808,4
201801,강서구,373,"1,546","1,533","1,639","1,645",292,7028,6
201801,관악구,311,916,"1,016","1,010",949,168,4370,4
201801,광진구,126,491,477,460,457,71,2082,1
201801,구로구,261,581,670,701,659,98,2970,2
201801,금천구,214,684,732,753,691,109,3183,2
201801,노원구,479,"1,778","1,744","1,921","1,826",313,8061,8
201801,도봉구,230,612,688,747,748,136,3161,2
201801,동대문구,164,990,978,"1,001",822,111,4066,3
201801,동작구,237,579,635,690,622,105,2868,2
201801,마포구,210,568,605,604,600,101,2688,2
201801,서대문구,585,509,534,643,581,81,2933,2
201801,서초구,158,333,332,300,313,60,1496,1
201801,성동구,119,540,532,541,514,69,2315,1
201801,성북구,299,848,936,978,873,157,4091,3
201801,송파구,181,659,610,547,574,119,2690,2
201801,양천구,210,704,690,716,734,106,3160,2
201801,영등포구,197,747,650,652,581,94,2921,2
201801,용산구,147,518,512,496,455,77,2205,1
201801,은평구,401,"1,252","1,274","1,213","1,198",184,5522,5
201801,종로구,33,418,397,386,320,85,1639,1
201801,중구,104,393,361,365,336,56,1615,1
201801,중랑구,303,"1,102","1,072","1,020","1,105",213,4815,4
201802,강남구,320,929,903,779,720,145,3796,3
201802,강동구,229,703,602,677,637,134,2982,2
201802,강북구,291,"1,031","1,118","1,167","1,052",165,4824,4
201802,강서구,362,"1,559","1,544","1,641","1,646",299,7051,7
201802,관악구,315,923,"1,026","1,016",957,168,4405,4
201802,광진구,124,494,490,464,461,73,2106,1
201802,구로구,252,577,669,704,665,100,2967,2
201802,금천구,207,684,721,765,691,109,3177,2
201802,노원구,478,"1,777","1,735","1,931","1,846",314,8081,8
201802,도봉구,235,619,692,750,760,140,3196,2
201802,동대문구,168,995,970,"1,002",832,113,4080,3
201802,동작구,238,574,634,693,622,105,2866,2
201802,마포구,216,568,603,614,611,95,2707,2
201802,서대문구,602,508,536,648,579,82,2955,2
201802,서초구,159,334,334,310,307,66,1510,1
201802,성동구,119,520,537,542,526,71,2315,1
201802,성북구,298,850,935,989,880,159,4111,3
201802,송파구,179,670,603,554,581,120,2707,2
201802,양천구,209,703,692,723,739,103,3169,2
201802,영등포구,190,751,648,655,588,96,2928,2
201802,용산구,153,516,507,501,456,80,2213,1
201802,은평구,403,"1,251","1,286","1,225","1,202",184,5551,5
201802,종로구,32,416,394,387,325,83,1637,1
201802,중구,104,394,367,361,339,57,1622,1
201802,중랑구,296,"1,106","1,083","1,030","1,117",218,4850,4
201803,강남구,313,941,912,774,728,146,3814,3
201803,강동구,232,704,606,664,654,136,2996,2
201803,강북구,290,"1,028","1,125","1,172","1,073",173,4861,4
201803,강서구,370,"1,565","1,541","1,659","1,656",300,7091,7
201803,관악구,324,929,"1,022","1,017",978,163,4433,4
201803,광진구,131,500,488,468,462,77,2126,1
201803,구로구,241,574,671,711,669,102,2968,2
201803,금천구,209,682,714,770,693,110,3178,2
201803,노원구,487,"1,788","1,727","1,929","1,871",313,8115,8
201803,도봉구,239,636,688,754,768,146,3231,2
201803,동대문구,168,998,977,998,842,115,4098,3
201803,동작구,237,576,636,690,630,109,2878,2
201803,마포구,218,558,612,606,619,94,2707,2
201803,서대문구,596,519,536,642,589,85,2967,2
201803,서초구,155,341,336,316,311,67,1526,1
201803,성동구,128,520,533,544,525,74,2324,1
201803,성북구,304,864,929,996,886,165,4144,3
201803,송파구,178,691,593,562,589,120,2733,2
201803,양천구,218,716,690,723,741,102,3190,2
201803,영등포구,191,759,653,655,590,99,2947,2
201803,용산구,159,535,501,509,459,80,2243,1
201803,은평구,429,"1,265","1,288","1,221","1,213",189,5605,5
201803,종로구,33,411,392,395,323,83,1637,1
201803,중구,103,397,368,357,342,59,1626,1
201803,중랑구,298,"1,105","1,071","1,043","1,133",216,4866,4
201804,강남구,321,944,906,784,739,148,3842,3
201804,강동구,237,703,618,659,671,132,3020,2
201804,강북구,301,"1,038","1,119","1,173","1,090",173,4894,4
201804,강서구,379,"1,560","1,558","1,662","1,662",303,7124,7
201804,관악구,336,933,"1,031","1,030",980,162,4472,4
201804,광진구,144,508,502,464,465,78,2161,1
201804,구로구,245,577,668,712,684,100,2986,2
201804,금천구,208,687,716,778,702,110,3201,2
201804,노원구,487,"1,774","1,730","1,919","1,879",314,8103,8
201804,도봉구,248,639,691,753,773,152,3256,2
201804,동대문구,178,"1,009",959,"1,002",846,116,4110,3
201804,동작구,239,572,644,686,632,112,2885,2
201804,마포구,226,564,610,613,621,98,2732,2
201804,서대문구,610,520,538,640,595,87,2990,2
201804,서초구,169,347,343,311,312,69,1551,1
201804,성동구,126,513,537,537,527,76,2316,1
201804,성북구,304,872,931,994,900,164,4165,3
201804,송파구,180,706,596,564,596,119,2761,2
201804,양천구,231,720,694,730,742,100,3217,2
201804,영등포구,192,750,661,662,582,98,2945,2
201804,용산구,166,545,505,507,466,80,2269,1
201804,은평구,441,"1,248","1,286","1,228","1,208",193,5604,5
201804,종로구,34,403,390,402,322,83,1634,1
201804,중구,109,396,370,358,345,58,1636,1
201804,중랑구,330,"1,112","1,072","1,040","1,131",220,4905,4
201805,강남구,331,933,922,783,734,145,3848,3
201805,강동구,244,700,621,659,674,134,3032,2
201805,강북구,316,"1,045","1,120","1,187","1,095",173,4936,4
201805,강서구,383,"1,573","1,564","1,666","1,683",300,7169,7
201805,관악구,335,929,"1,032","1,028",972,165,4461,4
201805,광진구,159,520,506,461,465,78,2189,1
201805,구로구,252,586,670,699,693,102,3002,2
201805,금천구,219,688,720,781,714,109,3231,2
201805,노원구,506,"1,775","1,741","1,923","1,892",319,8156,8
201805,도봉구,262,644,697,745,781,155,3284,3
201805,동대문구,185,"1,017",958,991,857,115,4123,3
201805,동작구,260,571,651,685,629,112,2908,2
201805,마포구,230,578,609,614,625,97,2753,2
201805,서대문구,635,523,546,640,602,87,3033,2
201805,서초구,167,354,338,315,307,71,1552,1
201805,성동구,130,515,542,540,524,76,2327,2
201805,성북구,316,881,913,995,902,160,4167,3
201805,송파구,193,703,611,560,595,120,2782,2
201805,양천구,235,723,705,725,752,103,3243,2
201805,영등포구,195,751,668,661,580,100,2955,2
201805,용산구,162,550,505,504,456,82,2259,1
201805,은평구,448,"1,259","1,279","1,234","1,216",194,5630,5
201805,종로구,39,404,395,401,321,82,1642,1
201805,중구,112,401,377,355,343,58,1646,1
201805,중랑구,349,"1,120","1,085","1,044","1,135",221,4954,4
201806,강남구,315,933,925,779,727,144,3823,3
201806,강동구,242,707,625,668,669,136,3047,2
201806,강북구,320,"1,053","1,130","1,192","1,096",173,4964,4
201806,강서구,384,"1,582","1,577","1,653","1,695",302,7193,7
201806,관악구,343,941,"1,027","1,037",975,161,4484,4
201806,광진구,156,529,509,456,466,79,2195,1
201806,구로구,253,585,671,688,696,106,2999,2
201806,금천구,223,683,727,769,707,113,3222,2
201806,노원구,503,"1,786","1,751","1,927","1,898",314,8179,8
201806,도봉구,252,639,705,735,776,155,3262,2
201806,동대문구,180,"1,027",965,997,853,117,4139,3
201806,동작구,257,577,661,681,637,115,2928,2
201806,마포구,235,581,604,611,624,95,2750,2
201806,서대문구,633,515,545,642,604,90,3029,2
201806,서초구,172,356,352,311,312,70,1573,1
201806,성동구,130,523,543,538,522,74,2330,2
201806,성북구,309,891,914,994,906,163,4177,3
201806,송파구,195,705,611,577,590,124,2802,2
201806,양천구,230,743,709,733,751,103,3269,3
201806,영등포구,192,757,670,674,580,103,2976,2
201806,용산구,155,557,509,504,460,83,2268,1
201806,은평구,440,"1,269","1,284","1,239","1,221",203,5656,5
201806,종로구,34,413,395,407,317,83,1649,1
201806,중구,113,395,387,356,342,61,1654,1
201806,중랑구,346,"1,133","1,096","1,061","1,129",229,4994,4
201807,강남구,296,935,930,779,725,148,3813,3
201807,강동구,240,721,630,664,667,139,3061,2
201807,강북구,317,"1,059","1,143","1,188","1,101",175,4983,4
201807,강서구,375,"1,605","1,605","1,648","1,699",306,7238,7
201807,관악구,327,955,"1,030","1,033",981,161,4487,4
201807,광진구,153,530,517,460,469,81,2210,1
201807,구로구,249,576,673,673,702,107,2980,2
201807,금천구,222,680,728,766,711,114,3221,2
201807,노원구,509,"1,783","1,752","1,938","1,906",311,8199,8
201807,도봉구,244,639,712,733,790,153,3271,3
201807,동대문구,174,"1,032",955,"1,007",848,117,4133,3
201807,동작구,253,583,665,684,634,115,2934,2
201807,마포구,237,579,610,609,629,92,2756,2
201807,서대문구,633,519,551,643,607,97,3050,2
201807,서초구,167,357,356,302,321,71,1574,1
201807,성동구,128,524,554,535,523,77,2341,2
201807,성북구,295,892,916,983,920,171,4177,3
201807,송파구,198,711,621,583,593,119,2825,2
201807,양천구,228,748,721,729,758,104,3288,3
201807,영등포구,196,753,675,674,595,105,2998,2
201807,용산구,157,561,514,507,463,84,2286,1
201807,은평구,429,"1,265","1,286","1,241","1,236",197,5654,5
201807,종로구,33,414,398,404,324,82,1655,1
201807,중구,110,398,379,357,342,61,1647,1
201807,중랑구,344,"1,133","1,120","1,054","1,138",233,5022,4
201808,강남구,282,930,929,788,726,147,3802,3
201808,강동구,235,720,639,668,672,139,3073,2
201808,강북구,319,"1,058","1,139","1,187","1,102",177,4982,4
201808,강서구,368,"1,612","1,600","1,654","1,702",309,7245,7
201808,관악구,319,966,"1,037","1,026","1,003",164,4515,4
201808,광진구,150,531,526,468,474,80,2229,1
201808,구로구,258,590,667,682,703,108,3008,2
201808,금천구,215,682,723,768,713,114,3215,2
201808,노원구,518,"1,778","1,753","1,944","1,923",313,8229,8
201808,도봉구,231,642,713,734,797,153,3270,3
201808,동대문구,164,"1,036",971,"1,007",853,113,4144,3
201808,동작구,254,596,665,689,639,116,2959,2
201808,마포구,239,583,606,612,629,94,2763,2
201808,서대문구,629,518,561,637,616,97,3058,2
201808,서초구,163,355,357,301,318,71,1565,1
201808,성동구,125,533,556,537,532,81,2364,2
201808,성북구,289,905,925,982,922,175,4198,3
201808,송파구,189,714,633,583,595,121,2835,2
201808,양천구,224,763,722,737,752,108,3306,3
201808,영등포구,190,762,680,683,610,104,3029,2
201808,용산구,153,560,521,501,470,82,2287,1
201808,은평구,427,"1,274","1,304","1,238","1,251",197,5691,5
201808,종로구,33,406,405,395,325,83,1647,1
201808,중구,105,406,381,360,340,62,1654,1
201808,중랑구,330,"1,135","1,129","1,055","1,148",236,5033,4
201809,강남구,285,926,929,793,722,148,3803,3
201809,강동구,231,723,642,670,679,144,3089,2
201809,강북구,314,"1,072","1,134","1,203","1,109",181,5013,4
201809,강서구,368,"1,623","1,602","1,660","1,696",314,7263,7
201809,관악구,321,976,"1,033","1,031","1,005",170,4536,4
201809,광진구,153,548,523,464,487,82,2257,1
201809,구로구,259,605,676,680,716,109,3045,2
201809,금천구,213,698,718,774,720,115,3238,2
201809,노원구,524,"1,779","1,754","1,955","1,935",322,8269,8
201809,도봉구,227,644,724,729,803,155,3282,3
201809,동대문구,159,"1,034",982,"1,001",862,114,4152,3
201809,동작구,250,597,663,697,640,115,2962,2
201809,마포구,243,589,609,618,633,94,2786,2
201809,서대문구,631,515,558,641,627,99,3071,2
201809,서초구,156,351,361,303,320,72,1563,1
201809,성동구,117,538,553,536,529,80,2353,2
201809,성북구,278,906,915,991,930,173,4193,3
201809,송파구,194,727,632,595,600,125,2873,2
201809,양천구,220,765,719,738,757,111,3310,3
201809,영등포구,194,760,686,682,614,109,3045,2
201809,용산구,152,571,517,504,477,81,2302,1
201809,은평구,412,"1,273","1,310","1,243","1,254",200,5692,5
201809,종로구,35,414,399,404,328,84,1664,1
201809,중구,105,410,385,363,341,66,1670,1
201809,중랑구,319,"1,147","1,131","1,058","1,162",237,5054,4
201810,강남구,270,966,963,829,743,159,3930,3
201810,강동구,230,736,667,700,717,150,3200,2
201810,강북구,313,"1,169","1,231","1,300","1,198",188,5399,5
201810,강서구,369,"1,689","1,661","1,741","1,811",330,7601,7
201810,관악구,330,"1,013","1,082","1,120","1,149",194,4888,4
201810,광진구,170,614,570,524,594,93,2565,2
201810,구로구,270,623,688,697,746,111,3135,2
201810,금천구,211,721,733,803,755,121,3344,3
201810,노원구,535,"1,874","1,869","2,089","2,040",337,8744,8
201810,도봉구,225,674,752,795,893,175,3514,3
201810,동대문구,167,"1,075","1,019","1,083",954,129,4427,4
201810,동작구,257,627,691,729,691,117,3112,2
201810,마포구,240,630,644,651,681,99,2945,2
201810,서대문구,641,550,594,713,695,105,3298,3
201810,서초구,151,367,370,309,323,75,1595,1
201810,성동구,123,575,595,592,618,96,2599,2
201810,성북구,277,923,931,"1,031",967,179,4308,4
201810,송파구,219,803,690,670,689,138,3209,2
201810,양천구,230,818,803,826,879,134,3690,3
201810,영등포구,189,805,732,728,685,115,3254,2
201810,용산구,155,600,543,518,530,85,2431,2
201810,은평구,431,"1,350","1,415","1,371","1,396",218,6181,6
201810,종로구,36,423,426,414,347,83,1729,1
201810,중구,104,447,392,393,388,69,1793,1
201810,중랑구,350,"1,255","1,228","1,165","1,252",250,5500,5
201811,강남구,271,"1,009",987,860,778,159,4064,3
201811,강동구,241,774,703,749,787,163,3417,3
201811,강북구,312,"1,231","1,280","1,358","1,266",199,5646,5
201811,강서구,394,"1,789","1,738","1,834","1,928",346,8029,8
201811,관악구,328,"1,069","1,148","1,179","1,247",221,5192,5
201811,광진구,172,652,601,557,629,106,2717,2
201811,구로구,266,661,726,750,801,121,3325,3
201811,금천구,209,751,748,832,796,124,3460,3
201811,노원구,540,"1,967","1,966","2,217","2,132",355,9177,9
201811,도봉구,219,694,766,833,951,187,3650,3
201811,동대문구,167,"1,135","1,061","1,156","1,062",150,4731,4
201811,동작구,262,681,755,780,757,133,3368,3
201811,마포구,244,655,686,698,712,105,3100,2
201811,서대문구,680,600,621,728,733,113,3475,3
201811,서초구,161,399,399,350,365,92,1766,1
201811,성동구,124,613,625,626,682,107,2777,2
201811,성북구,277,957,952,"1,073","1,029",187,4475,4
201811,송파구,268,843,748,732,774,156,3521,3
201811,양천구,238,862,853,888,944,140,3925,3
201811,영등포구,189,831,763,777,728,122,3410,3
201811,용산구,155,623,569,539,558,86,2530,2
201811,은평구,477,"1,453","1,513","1,488","1,549",247,6727,6
201811,종로구,37,426,422,423,356,85,1749,1
201811,중구,108,461,396,400,404,68,1837,1
201811,중랑구,361,"1,316","1,291","1,211","1,291",260,5730,5
201812,강남구,261,"1,032","1,016",899,817,170,4195,3
201812,강동구,243,811,722,772,819,169,3536,3
201812,강북구,315,"1,259","1,313","1,365","1,295",208,5755,5
201812,강서구,409,"1,842","1,785","1,873","2,012",360,8281,8
201812,관악구,334,"1,092","1,182","1,205","1,283",233,5329,5
201812,광진구,170,667,614,566,651,106,2774,2
201812,구로구,264,670,735,768,831,129,3397,3
201812,금천구,214,787,770,858,843,128,3600,3
201812,노원구,529,"1,992","2,028","2,263","2,184",359,9355,9
201812,도봉구,206,726,774,858,989,194,3747,3
201812,동대문구,172,"1,165","1,084","1,192","1,104",156,4873,4
201812,동작구,266,716,798,817,838,137,3572,3
201812,마포구,247,667,726,717,739,106,3202,2
201812,서대문구,680,610,639,739,761,114,3543,3
201812,서초구,163,419,426,375,398,105,1886,1
201812,성동구,128,633,641,635,721,112,2870,2
201812,성북구,286,992,989,"1,102","1,096",196,4661,4
201812,송파구,288,883,791,755,839,179,3735,3
201812,양천구,246,899,884,935,"1,000",147,4111,3
201812,영등포구,186,837,785,778,742,125,3453,3
201812,용산구,156,637,589,544,568,86,2580,2
201812,은평구,481,"1,491","1,578","1,543","1,611",259,6963,6
201812,종로구,38,440,424,432,360,80,1774,1
201812,중구,107,461,407,403,407,71,1856,1
201812,중랑구,364,"1,342","1,318","1,219","1,328",262,5833,5
201901,강남구,280,"1,051","1,038",927,833,173,4302,4
201901,강동구,280,"1,082","1,055",921,862,170,4370,4
201901,강북구,284,"1,102","1,070",929,892,172,4449,4
201901,강서구,288,"1,135","1,095",958,906,181,4563,4
201901,관악구,297,"1,162","1,113",982,927,182,4663,4
201901,광진구,284,"1,169","1,116",999,938,180,4686,4
201901,구로구,319,"1,173","1,152","1,019",950,182,4795,4
201901,금천구,320,"1,188","1,164","1,028",957,186,4843,4
201901,노원구,312,"1,193","1,185","1,042",971,183,4886,4
201901,도봉구,309,"1,209","1,203","1,074",987,184,4966,4
201901,동대문구,291,"1,229","1,211","1,087",994,188,5000,4
201901,동작구,283,"1,248","1,233","1,100","1,013",196,5073,4
201901,마포구,242,819,740,787,849,173,3610,3
201901,서대문구,239,830,752,794,862,180,3657,3
201901,서초구,238,842,765,802,875,184,3706,3
201901,성동구,246,870,776,821,892,191,3796,3
201901,성북구,265,896,798,830,912,198,3899,3
201901,송파구,270,916,800,839,928,196,3949,3
201901,양천구,268,922,819,841,945,200,3995,3
201901,영등포구,269,929,818,855,951,195,4017,3
201901,용산구,258,928,850,872,973,202,4083,3
201901,은평구,260,941,870,881,988,201,4141,3
201901,종로구,265,971,878,899,"1,001",205,4219,4
201901,중구,268,993,897,888,"1,046",215,4307,4
201901,중랑구,314,"1,303","1,323","1,395","1,322",207,5864,5
201902,강남구,311,"1,312","1,356","1,420","1,348",216,5963,5
201902,강동구,327,"1,331","1,378","1,450","1,378",219,6083,5
201902,강북구,340,"1,358","1,400","1,467","1,394",223,6182,6
201902,강서구,357,"1,371","1,415","1,485","1,410",228,6266,6
201902,관악구,358,"1,404","1,438","1,499","1,433",232,6364,6
201902,광진구,351,"1,407","1,467","1,507","1,446",234,6412,6
201902,구로구,354,"1,427","1,479","1,527","1,467",232,6486,6
201902,금천구,344,"1,446","1,475","1,568","1,506",241,6580,6
201902,노원구,325,"1,475","1,490","1,585","1,553",245,6673,6
201902,도봉구,325,"1,507","1,498","1,625","1,577",253,6785,6
201902,동대문구,310,"1,530","1,527","1,631","1,600",256,6854,6
201902,동작구,423,"1,895","1,834","1,898","2,062",362,8474,8
201902,마포구,426,"1,928","1,839","1,905","2,089",374,8561,8
201902,서대문구,431,"1,953","1,866","1,917","2,123",389,8679,8
201902,서초구,441,"1,988","1,907","1,953","2,171",402,8862,8
201902,성동구,447,"2,013","1,940","1,975","2,190",412,8977,9
201902,성북구,458,"2,051","1,961","1,987","2,223",413,9093,9
201902,송파구,453,"2,076","1,990","2,014","2,246",422,9201,9
201902,양천구,458,"2,088","2,002","2,027","2,248",420,9243,9
201902,영등포구,444,"2,126","2,000","2,053","2,294",439,9356,9
201902,용산구,444,"2,163","2,022","2,066","2,321",442,9458,9
201902,은평구,456,"2,226","2,051","2,087","2,362",448,9630,9
201902,종로구,463,"2,250","2,055","2,104","2,402",459,9733,9
201902,중구,337,"1,124","1,195","1,227","1,310",241,5434,5
201902,중랑구,329,"1,141","1,210","1,233","1,346",242,5501,5
201903,강남구,328,"1,149","1,217","1,244","1,377",254,5569,5
201903,강동구,342,"1,196","1,223","1,268","1,406",262,5697,5
201903,강북구,360,"1,208","1,232","1,283","1,426",266,5775,5
201903,강서구,361,"1,260","1,239","1,286","1,428",271,5845,5
201903,관악구,361,"1,270","1,266","1,313","1,440",274,5924,5
201903,광진구,367,"1,277","1,282","1,323","1,442",268,5959,5
201903,구로구,345,"1,300","1,299","1,327","1,474",279,6024,5
201903,금천구,348,"1,335","1,305","1,336","1,493",274,6091,6
201903,노원구,350,"1,381","1,333","1,360","1,529",293,6246,6
201903,도봉구,341,"1,411","1,373","1,395","1,555",295,6370,6
201903,동대문구,171,679,626,571,665,110,2822,2
201903,동작구,169,687,630,596,666,112,2860,2
201903,마포구,178,692,648,593,680,117,2908,2
201903,서대문구,209,708,650,597,695,114,2973,2
201903,서초구,221,721,655,619,705,118,3039,2
201903,성동구,207,728,656,644,705,120,3060,2
201903,성북구,210,749,675,648,708,122,3112,2
201903,송파구,205,761,681,654,705,122,3128,2
201903,양천구,189,767,685,663,715,126,3145,2
201903,영등포구,187,789,688,675,716,132,3187,2
201903,용산구,181,801,698,684,734,136,3234,2
201903,은평구,174,816,695,687,741,137,3250,2
201903,종로구,259,690,759,782,867,135,3492,3
201903,중구,255,709,768,798,898,141,3569,3
201903,중랑구,264,730,772,819,910,145,3640,3
201904,강남구,277,745,781,830,941,141,3715,3
201904,강동구,284,752,791,838,940,145,3750,3
201904,강북구,288,772,806,853,951,151,3821,3
201904,강서구,301,777,834,859,969,150,3890,3
201904,관악구,312,795,844,871,983,150,3955,3
201904,광진구,315,789,867,888,"1,013",154,4026,3
201904,구로구,318,804,896,899,"1,038",154,4109,3
201904,금천구,319,817,910,911,"1,041",161,4159,3
201904,노원구,326,822,916,910,"1,072",167,4213,4
201904,도봉구,217,800,785,882,863,131,3678,3
201904,동대문구,220,803,794,890,881,131,3719,3
201904,동작구,220,827,799,882,904,133,3765,3
201904,마포구,229,825,805,912,916,135,3822,3
201904,서대문구,238,836,821,909,936,133,3873,3
201904,서초구,244,852,830,917,950,136,3929,3
201904,성동구,240,846,857,929,974,141,3987,3
201904,성북구,238,850,873,937,982,143,4023,3
201904,송파구,231,861,876,957,998,147,4070,3
201904,양천구,225,862,893,958,"1,015",149,4102,3
201904,영등포구,236,877,906,961,"1,018",148,4146,3
201904,용산구,238,891,906,961,"1,033",152,4181,3
201904,은평구,540,"2,019","2,047","2,294","2,232",371,9503,9
201904,종로구,539,"2,037","2,078","2,318","2,277",379,9628,9
201904,중구,551,"2,092","2,097","2,359","2,321",380,9800,9
201904,중랑구,583,"2,136","2,102","2,404","2,350",387,9962,10
201905,강남구,608,"2,159","2,134","2,440","2,407",390,10138,10
201905,강동구,600,"2,202","2,153","2,445","2,452",389,10241,10
201905,강북구,585,"2,203","2,190","2,468","2,475",392,10313,10
201905,강서구,592,"2,219","2,217","2,477","2,476",388,10369,10
201905,관악구,567,"2,220","2,239","2,496","2,544",399,10465,10
201905,광진구,556,"2,261","2,265","2,509","2,579",405,10575,10
201905,구로구,542,"2,297","2,302","2,530","2,638",413,10722,10
201905,금천구,530,"2,304","2,342","2,530","2,666",421,10793,10
201905,노원구,204,756,784,873,"1,011",192,3820,3
201905,도봉구,207,764,796,889,"1,041",192,3889,3
201905,동대문구,203,771,799,894,"1,059",202,3928,3
201905,동작구,219,784,806,900,"1,073",206,3988,3
201905,마포구,232,796,817,901,"1,086",209,4041,3
201905,서대문구,232,815,824,911,"1,095",210,4087,3
201905,서초구,226,813,831,921,"1,105",211,4107,3
201905,성동구,231,819,842,928,"1,108",210,4138,3
201905,성북구,221,825,854,931,"1,122",221,4174,3
201905,송파구,216,833,859,938,"1,126",225,4197,3
201905,양천구,217,855,876,945,"1,139",227,4259,4
201905,영등포구,216,873,878,950,"1,154",235,4306,4
201905,용산구,180,"1,199","1,105","1,211","1,121",165,4981,4
201905,은평구,178,"1,217","1,119","1,216","1,141",171,5042,4
201905,종로구,178,"1,240","1,119","1,227","1,155",173,5092,4
201905,중구,190,"1,254","1,150","1,244","1,185",173,5196,5
201905,중랑구,191,"1,276","1,154","1,257","1,204",177,5259,5
201906,강남구,192,"1,277","1,173","1,264","1,218",176,5300,5
201906,강동구,188,"1,286","1,189","1,267","1,230",179,5339,5
201906,강북구,188,"1,294","1,194","1,270","1,227",176,5349,5
201906,강서구,178,"1,303","1,213","1,270","1,234",184,5382,5
201906,관악구,178,"1,316","1,221","1,274","1,247",187,5423,5
201906,광진구,177,"1,337","1,228","1,283","1,261",188,5474,5
201906,구로구,173,"1,346","1,247","1,275","1,264",191,5496,5
201906,금천구,272,741,845,840,891,148,3737,3
201906,노원구,278,740,872,858,925,155,3828,3
201906,도봉구,282,769,883,867,938,158,3897,3
201906,동대문구,296,776,896,887,954,160,3969,3
201906,동작구,303,784,910,895,968,170,4030,3
201906,마포구,297,800,920,898,981,171,4067,3
201906,서대문구,298,811,926,909,"1,005",171,4120,3
201906,서초구,294,830,926,914,"1,008",171,4143,3
201906,성동구,290,839,917,933,"1,042",181,4202,3
201906,성북구,286,860,921,948,"1,056",183,4254,4
201906,송파구,289,873,950,946,"1,084",188,4330,4
201906,양천구,283,884,963,951,"1,103",189,4373,4
201906,영등포구,257,670,738,725,755,108,3253,2
201906,용산구,260,671,760,736,779,111,3317,3
201906,은평구,250,680,760,745,795,115,3345,3
201906,종로구,257,706,763,751,814,115,3406,3
201906,중구,265,724,779,763,827,118,3476,3
201906,중랑구,270,732,787,773,846,122,3530,3
201907,강남구,255,722,797,771,852,125,3522,3
201907,강동구,253,733,809,767,860,125,3547,3
201907,강북구,247,745,808,771,886,132,3589,3
201907,강서구,241,761,809,784,898,134,3627,3
201907,관악구,250,779,815,798,917,132,3691,3
201907,광진구,233,786,812,806,924,133,3694,3
201907,구로구,642,623,641,753,791,114,3564,3
201907,금천구,609,636,657,769,809,123,3603,3
201907,노원구,624,647,661,783,822,126,3663,3
201907,도봉구,613,658,677,784,853,132,3717,3
201907,동대문구,614,674,696,792,867,132,3775,3
201907,동작구,619,684,694,795,874,134,3800,3
201907,마포구,623,698,701,800,884,133,3839,3
201907,서대문구,611,704,700,798,887,131,3831,3
201907,서초구,595,719,716,788,916,135,3869,3
201907,성동구,596,728,724,797,939,133,3917,3
201907,성북구,596,745,732,805,948,133,3959,3
201907,송파구,571,755,736,811,960,140,3973,3
201907,양천구,167,434,436,375,418,108,1938,1
201907,영등포구,165,444,438,390,434,113,1984,1
201907,용산구,169,449,453,398,442,113,2024,1
201907,은평구,179,472,464,408,449,116,2088,1
201907,종로구,186,490,469,407,457,118,2127,1
201907,중구,181,503,473,405,461,118,2141,1
201907,중랑구,179,506,482,407,463,119,2156,1
201908,강남구,181,506,479,401,462,117,2146,1
201908,강동구,170,506,483,406,466,119,2150,1
201908,강북구,157,501,486,409,474,121,2148,1
201908,강서구,155,516,493,413,486,123,2186,1
201908,관악구,155,531,496,420,490,125,2217,1
201908,광진구,123,636,664,645,734,120,2922,2
201908,구로구,127,663,672,659,746,122,2989,2
201908,금천구,123,657,675,674,762,127,3018,2
201908,노원구,137,676,663,690,786,128,3080,2
201908,도봉구,149,684,678,702,792,128,3133,2
201908,동대문구,152,691,680,710,795,128,3156,2
201908,동작구,154,690,697,706,801,125,3173,2
201908,마포구,155,696,702,706,802,122,3183,2
201908,서대문구,151,694,707,705,824,124,3205,2
201908,서초구,152,709,716,711,829,124,3241,2
201908,성동구,152,728,720,720,831,125,3276,3
201908,성북구,147,740,732,734,851,130,3334,3
201908,송파구,285,"1,016","1,010","1,109","1,138",204,4762,4
201908,양천구,287,"1,025","1,023","1,120","1,157",213,4825,4
201908,영등포구,288,"1,035","1,039","1,139","1,182",214,4897,4
201908,용산구,297,"1,054","1,035","1,174","1,189",228,4977,4
201908,은평구,318,"1,058","1,026","1,176","1,206",227,5011,4
201908,종로구,310,"1,079","1,040","1,193","1,209",229,5060,4
201908,중구,306,"1,078","1,058","1,191","1,224",228,5085,4
201908,중랑구,312,"1,095","1,072","1,205","1,233",228,5145,4
201909,강남구,296,"1,108","1,083","1,190","1,262",245,5184,5
201909,강동구,284,"1,133","1,085","1,184","1,289",248,5223,5
201909,강북구,284,"1,153","1,092","1,183","1,319",251,5282,5
201909,강서구,280,"1,162","1,103","1,180","1,347",258,5330,5
201909,관악구,300,908,821,762,874,196,3861,3
201909,광진구,311,920,844,774,902,200,3951,3
201909,구로구,314,925,880,783,927,202,4031,3
201909,금천구,316,935,886,820,943,212,4112,3
201909,노원구,320,971,896,838,957,214,4196,3
201909,도봉구,321,993,922,838,963,218,4255,4
201909,동대문구,319,"1,001",943,848,969,222,4302,4
201909,동작구,332,"1,008",957,864,982,218,4361,4
201909,마포구,320,"1,015",978,885,"1,009",230,4437,4
201909,서대문구,314,"1,025",997,894,"1,011",239,4480,4
201909,서초구,320,"1,049","1,017",900,"1,042",240,4568,4
201909,성동구,313,"1,081","1,029",898,"1,060",248,4629,4
201909,성북구,250,912,906,953,"1,039",151,4211,4
201909,송파구,258,922,940,962,"1,069",156,4307,4
201909,양천구,265,948,953,994,"1,104",164,4428,4
201909,영등포구,269,993,981,"1,036","1,155",171,4605,4
201909,용산구,278,"1,004",991,"1,054","1,190",172,4689,4
201909,은평구,275,"1,045","1,005","1,064","1,210",179,4778,4
201909,종로구,279,"1,050","1,013","1,079","1,230",180,4831,4
201909,중구,283,"1,062","1,024","1,082","1,230",178,4859,4
201909,중랑구,269,"1,077","1,030","1,091","1,278",182,4927,4
201910,강남구,266,"1,097","1,042","1,092","1,320",187,5004,4
201910,강동구,261,"1,123","1,063","1,092","1,350",191,5080,4
201910,강북구,267,"1,128","1,081","1,095","1,370",198,5139,4
201910,강서구,187,849,795,785,762,129,3507,3
201910,관악구,192,870,800,793,779,133,3567,3
201910,광진구,196,880,808,796,800,140,3620,3
201910,구로구,209,901,802,800,804,136,3652,3
201910,금천구,215,906,804,805,816,137,3683,3
201910,노원구,219,916,828,816,823,142,3744,3
201910,도봉구,213,920,833,818,830,144,3758,3
201910,동대문구,221,930,838,825,827,143,3784,3
201910,동작구,216,914,862,820,843,143,3798,3
201910,마포구,220,941,877,824,853,150,3865,3
201910,서대문구,216,978,883,842,865,162,3946,3
201910,서초구,212,"1,003",903,853,878,160,4009,3
201910,성동구,158,635,595,549,573,87,2597,2
201910,성북구,161,648,604,556,589,86,2644,2
201910,송파구,161,646,611,555,598,93,2664,2
201910,양천구,164,668,612,562,610,94,2710,2
201910,영등포구,171,669,617,569,608,93,2727,2
201910,용산구,169,684,625,575,617,94,2764,2
201910,은평구,165,695,625,585,625,99,2794,2
201910,종로구,166,700,628,591,625,99,2809,2
201910,중구,155,698,643,587,640,100,2823,2
201910,중랑구,155,705,637,595,645,100,2837,2
201911,강남구,153,705,643,597,651,100,2849,2
201911,강동구,155,721,638,607,660,102,2883,2
201911,강북구,457,"1,522","1,581","1,557","1,628",268,7013,6
201911,강서구,449,"1,544","1,600","1,575","1,660",274,7102,7
201911,관악구,459,"1,553","1,641","1,584","1,684",282,7203,7
201911,광진구,474,"1,563","1,671","1,599","1,723",295,7325,7
201911,구로구,481,"1,601","1,681","1,618","1,758",302,7441,7
201911,금천구,481,"1,630","1,694","1,629","1,780",303,7517,7
201911,노원구,472,"1,647","1,720","1,640","1,810",309,7598,7
201911,도봉구,474,"1,668","1,735","1,647","1,822",306,7652,7
201911,동대문구,460,"1,666","1,741","1,674","1,861",311,7713,7
201911,동작구,449,"1,665","1,748","1,662","1,870",313,7707,7
201911,마포구,440,"1,696","1,763","1,676","1,912",324,7811,7
201911,서대문구,429,"1,711","1,780","1,675","1,952",327,7874,7
201911,서초구,74,438,431,434,367,79,1823,1
201911,성동구,73,454,438,433,374,79,1851,1
201911,성북구,73,465,436,432,377,82,1865,1
201911,송파구,72,476,427,437,382,84,1878,1
201911,양천구,79,485,435,428,385,86,1898,1
201911,영등포구,77,489,429,432,391,86,1904,1
201911,용산구,73,497,431,428,393,86,1908,1
201911,은평구,74,501,432,431,389,83,1910,1
201911,종로구,68,504,426,435,397,85,1915,1
201911,중구,72,506,432,435,399,83,1927,1
201911,중랑구,71,516,431,433,408,84,1943,1
201912,강남구,73,521,428,431,414,85,1952,1
201912,강동구,104,476,410,402,416,71,1879,1
201912,강북구,104,486,417,412,421,72,1912,1
201912,강서구,107,497,418,420,427,73,1942,1
201912,관악구,110,510,420,423,441,74,1978,1
201912,광진구,113,518,425,426,446,76,2004,1
201912,구로구,110,528,435,428,446,77,2024,1
201912,금천구,107,520,442,421,455,78,2023,1
201912,노원구,105,526,443,423,451,77,2025,1
201912,도봉구,98,528,457,426,462,77,2048,1
201912,동대문구,99,542,464,432,467,76,2080,1
201912,동작구,99,548,476,426,470,79,2098,1
201912,마포구,98,552,476,430,473,79,2108,1
201912,서대문구,361,"1,385","1,352","1,248","1,349",269,5964,5
201912,서초구,374,"1,415","1,366","1,264","1,387",272,6078,5
201912,성동구,391,"1,458","1,399","1,292","1,428",277,6245,6
201912,성북구,433,"1,552","1,481","1,391","1,549",298,6704,6
201912,송파구,452,"1,616","1,523","1,455","1,615",311,6972,6
201912,양천구,442,"1,636","1,528","1,479","1,633",314,7032,7
201912,영등포구,438,"1,655","1,539","1,492","1,635",325,7084,7
201912,용산구,449,"1,662","1,567","1,503","1,642",317,7140,7
201912,은평구,416,"1,661","1,566","1,516","1,690",331,7180,7
201912,종로구,409,"1,687","1,580","1,526","1,715",338,7255,7
201912,중구,414,"1,725","1,595","1,523","1,737",349,7343,7
201912,중랑구,413,"1,752","1,614","1,524","1,766",353,7422,7
